product_category_name,items_sold,orders,revenue,average_item_price
eletronicos,2767,2550,160246.74,57.91
bebes,3065,2885,411764.89,134.34
perfumaria,3419,3162,399124.87,116.74
cool_stuff,3796,3632,635290.85,167.36
brinquedos,4117,3886,483946.6,117.55
automotivo,4235,3897,592720.11,139.96
ferramentas_jardim,4347,3518,485256.46,111.63
telefonia,4545,4199,323667.53,71.21
relogios_presentes,5991,5624,1205005.68,201.14
utilidades_domesticas,6964,5884,632248.66,90.79
informatica_acessorios,7827,6689,911954.32,116.51
moveis_decoracao,8334,6449,729762.49,87.56
esporte_lazer,8641,7720,988048.97,114.34
beleza_saude,9670,8836,1258681.34,130.16
cama_mesa_banho,11115,9417,1036988.68,93.3
